<Page
    xmlns="https://schemas.nativescript.org/tns.xsd"
    loaded="onLoaded">

<ActionBar title=" Edit Contact">
    <NavigationButton text="Go Back" 
        android.systemIcon="ic_menu_back" 
        tap="moveMainPage" />
    
    <ActionItem 
        ios.systemIcon="3"
        android.systemIcon="ic_menu_save"
        ios.position="right"
        tap="saveChange">
    </ActionItem>

    <ActionItem 
        ios.systemIcon="16"
        android.systemIcon="ic_menu_delete"
        ios.position="right"
        tap="delete">
    </ActionItem>
</ActionBar>

<StackLayout class="p-20">
    <Label text="Name" />
    <TextField text="{{ name }}" hint="Full Name..." />
    <Label text="Phone" />
    <TextField text="{{ phone }}"
        hint = "Phone Number..."
        keyboardType="number" />
    <Label text = "Description" />
    <TextField text="{{ description }}" hint="Description..." /> 
</StackLayout>

</Page>